turn,student_msg,tutor_msg,student_id,course
1,"Hi, Iâ€™m learning Spanish and need help practising.","Great! Let's start with a simple sentence. Try saying ""Mi nombre es...""",spanish_course_student_1,spanish_course
2,"Got it. So, I should say ""Mi nombre es..."" and then my name. For example, ""Mi nombre es Juan."" Is that correct?","Exactly! You've got it. ""Mi nombre es Juan"" is correct. Great job!",spanish_course_student_1,spanish_course
3,Could you give me another example to practice with?,"Sure! Try: ""Me llamo MarÃ­a.""",spanish_course_student_1,spanish_course
4,"Got it! ""Me llamo MarÃ­a"" means ""My name is MarÃ­a."" Thank you!",Great! You've got it. Keep practicing! ğŸ˜Š,spanish_course_student_1,spanish_course
5,Could you give me another example to practice with?,"Of course! Try: ""Ã‰l es Juan.""",spanish_course_student_1,spanish_course
6,"Got it! So, ""Ã‰l es Juan"" means ""He is Juan."" Correct?",Exactly! Very good! Keep it up.,spanish_course_student_1,spanish_course
7,Thanks! Can you give me another sentence to practice?,"Sure! Try: ""Â¿CÃ³mo te llamas?""",spanish_course_student_1,spanish_course
8,"Got it! ""Â¿CÃ³mo te llamas?"" means ""What is your name?"" Is that right?",Yes! Exactly right! Great practice!,spanish_course_student_1,spanish_course
1,"Hi, how do I use past tense verbs in Spanish?","Past tense in Spanish is commonly formed using ""habÃ­a,"" ""habÃ­amos,"" ""habÃ­as,"" ""habÃ­ais,"" ""habÃ­a,"" ""habÃ­an"" or ""ar"" and ""er"" verbs conjugated in the preterite. Need help with specific examples?",spanish_course_student_2,spanish_course
2,"Can you give me an example of each form you mentioned for the verb ""hablar""?","Sure! For ""hablar"":

- HabÃ­a hablado
- HabÃ­amos hablado
- HabÃ­as hablado
- HabÃ­ais hablado
- HabÃ­a hablado
- HabÃ­an hablado

These are the preterite forms. For ""hablar,"" it's conjugated similarly to other regular ""ar"" verbs.",spanish_course_student_2,spanish_course
3,"Got it. And for ""er"" verbs like ""correr,"" would the past tense be similar?","Yes, for ""correr"" (an ""er"" verb), the past tense would be similar:

- HabÃ­a corrido
- HabÃ­amos corrido
- HabÃ­as corrido
- HabÃ­ais corrido
- HabÃ­a corrido
- HabÃ­an corrido

Just replace ""hablar"" with ""correr"" in the examples.",spanish_course_student_2,spanish_course
4,Thank you! Can you give me an example of when I would use the preterite vs. the imperfect tense in Spanish?,"Sure! Use preterite for completed actions:

- Esa vez comÃ­ pizza. (I ate pizza that time.)

Use imperfect for habitual actions or describing states:

- ComÃ­a pizza todos los dÃ­as. (I used to eat pizza every day.)",spanish_course_student_2,spanish_course
5,"Got it. And how would I form the preterite for irregular verbs like ""dar""?","For ""dar"" (to give), the preterite forms are:

- Di
- Dimos
- Diste
- Disteis
- Dio
- Dieron

These are used for completed actions like: ""Dije y luego di.""",spanish_course_student_2,spanish_course
6,"Thanks! Can you provide an example sentence using the preterite of ""dar""?","Sure! ""Ayer di una larga caminata."" (I took a long walk yesterday.)",spanish_course_student_2,spanish_course
7,"Great! One more example, please.","Claro! ""El martes dio una charla interesante."" (He gave an interesting speech on Tuesday.)",spanish_course_student_2,spanish_course
8,Thank you! That's helpful. One last question: When should I use the preterite and when should I use the imperfect tense in Spanish?,"Got it! Use preterite for specific, completed actions:  
- ""Ella escribiÃ³ una carta."" (She wrote a letter.)

Use imperfect for ongoing or habitual actions:  
- ""Ella escribÃ­a cartas todos los dÃ­as."" (She used to write letters every day.)",spanish_course_student_2,spanish_course
1,"Hi, can you help me practice a short dialogue in Spanish?","Of course! Here's a simple dialogue:

**Person A**: Hola, Â¿cÃ³mo estÃ¡s?

**Person B**: Estoy bien, gracias. Y tÃº?

**Person A**: Yo tambiÃ©n. Â¿QuÃ© haces hoy?

**Person B**: Estoy estudiando. Â¿Y tÃº?

Practice saying these back and forth!",spanish_course_student_3,spanish_course
2,"Got it. So, to practice, I should say each line after you? Like this:

**Person A**: Hola, Â¿cÃ³mo estÃ¡s?

**Person B**: Estoy bien, gracias. Y tÃº?","Exactly! Great practice. You're doing it right:

**Person A**: Hola, Â¿cÃ³mo estÃ¡s?

**Person B**: Estoy bien, gracias. Y tÃº?

Keep going with the rest!",spanish_course_student_3,spanish_course
3,"Sure, let's continue:

**Person A**: Yo tambiÃ©n. Â¿QuÃ© haces hoy?

**Person B**: Estoy estudiando. Â¿Y tÃº?","Great job! Now switch roles and say:

**Person A**: Estoy estudiando. Â¿Y tÃº?

**Person B**: Yo tambiÃ©n. Â¿QuÃ© haces hoy?

Keep practicing!",spanish_course_student_3,spanish_course
4,"Got it:

**Person A**: Estoy estudiando. Â¿Y tÃº?

**Person B**: Yo tambiÃ©n. Â¿QuÃ© haces hoy?

Now it's my turn:
**Person A**: Â¿QuÃ© haces hoy?","Perfect! Now you can respond:

**Person B**: Hoy estoy estudiando y practicando espaÃ±ol. Â¿Y tÃº?",spanish_course_student_3,spanish_course
5,"Great! Now it's my turn:

**Person A**: Hoy estoy estudiando y practicando espaÃ±ol. Â¿Y tÃº?","Great! Now you can respond:

**Person B**: Hoy tambiÃ©n estoy estudiando y practicando espaÃ±ol. Â¿Te gusta?",spanish_course_student_3,spanish_course
6,"Perfect! Now it's my turn:

**Person A**: Hoy tambiÃ©n estoy estudiando y practicando espaÃ±ol. Â¿Te gusta?","Great! Now you can respond:

**Person B**: SÃ­, me gusta mucho. Â¿QuÃ© libros o recursos usas?",spanish_course_student_3,spanish_course
7,"Perfect! Now it's my turn:

**Person A**: SÃ­, me gusta mucho. Â¿QuÃ© libros o recursos usas?","Perfect! Now you can respond:

**Person B**: Usualmente uso libros, apps como Duolingo, y practico con amigos. Â¿Y tÃº?**

Keep up the great practice!",spanish_course_student_3,spanish_course
8,Thank you! It feels good to practice. Is there anything else I should focus on to improve my Spanish dialogue skills?,"You're welcome! To improve, focus on:

1. Varying sentence structures.
2. Expanding vocabulary.
3. Practicing different contexts.

Keep chatting and you'll improve! ğŸ˜Š",spanish_course_student_3,spanish_course
1,"Hi, what are some tips for improving Spanish pronunciation?","Sure! Try:

1. Listen and imitate native speakers.
2. Focus on distinct sounds like ""ll"" and ""rr"".
3. Practice tongue and lip movements.
4. Use apps for pronunciation practice.
5. Record yourself and compare.

Let me know if you need more details on any of these!",spanish_course_student_4,spanish_course
2,"Thank you! Could you explain more about focusing on distinct sounds like ""ll"" and ""rr""?","Sure! In Spanish, ""ll"" makes a soft ""y"" sound like in ""yes,"" while ""rr"" is a deep trill. Practice:

1. ""ll"" sound: Try ""yay"" but softer.
2. ""rr"" trill: Roll your tongue like rolling Rs in Italian.

Keep practicing these sounds in words like ""llave"" and ""ruido""!",spanish_course_student_4,spanish_course
3,"Thank you! Could you give me an example of words with the ""ll"" sound and ""rr"" sound?","Of course! 

""ll"" sound: llave (key), lluvia (rain)

""rr"" sound: ruido (noise), torre (tower)

Practice these in sentences!",spanish_course_student_4,spanish_course
4,Great examples! Could you also suggest a simple app for practicing pronunciation?,"Sure! Try ""Duolingo"" or ""Babbel"" for pronunciation practice.",spanish_course_student_4,spanish_course
5,Thank you! Could you recommend which one is better for focusing specifically on pronunciation?,"Both are good, but Duolingo is often better for pronunciation focus. It has specific sections for sounds and has native speakers modeling how to say words.",spanish_course_student_4,spanish_course
6,Got it! One more question: Are there any other apps you recommend for improving Spanish pronunciation?,"Yes! ""PronunCIATE"" is great for targeted pronunciation practice. Also, ""HelloTalk"" lets you practice with native speakers!",spanish_course_student_4,spanish_course
7,"Thank you! One last thing: Are there any specific exercises I should focus on with ""PronunCIATE""?","Yes! Focus on their vowel sounds and consonant blends. Practice minimal pairs (words that differ by one sound) like ""tar"" and ""ter.""",spanish_course_student_4,spanish_course
8,Got it! One more question: Are there any common mistakes I should watch out for in Spanish pronunciation?,"Yes! Watch out for:

1. Not trilling ""r"" (it's a quick tap).
2. Merging ""s"" and ""z"" sounds.
3. Over-pronouncing ""h"" in some words.

Practice these to avoid common pitfalls!",spanish_course_student_4,spanish_course
1,"Hi, can you explain when to use 'ser' vs 'estar' in Spanish?","Sure! Use ""ser"" for permanent characteristics or states, and ""estar"" for temporary conditions or locations.",spanish_course_student_5,spanish_course
2,Can you give me an example of each?,"Of course! ""Ser"" example: Juan es alto. (Juan is tall.)  
""Estar"" example: Juan estÃ¡ enfermo. (Juan is sick.)",spanish_course_student_5,spanish_course
3,Got it! Can you provide more examples to better understand the difference?,"Sure! Here are more examples:

**""Ser"":**
- Soy estudiante. (I am a student.)
- Ã‰l es de MÃ©xico. (He is from Mexico.)

**""Estar"":**
- Estoy cansado. (I am tired.)
- Ella estÃ¡ en la cocina. (She is in the kitchen.)

Let me know if you need more!",spanish_course_student_5,spanish_course
4,"That helps a lot! Can you give me a few more examples of ""ser"" for permanent characteristics?","Of course! Here are more:

**""Ser"":**
- Soy maestro. (I am a teacher.)
- Ã‰l es alto. (He is tall.)
- Somos amigos. (We are friends.)
- Es inteligente. (He/She is intelligent.)",spanish_course_student_5,spanish_course
5,"Great examples! What about ""estar"" for temporary conditions? Can you give me more?","Sure! Here are more:

**""Estar"":**
- Estoy feliz. (I am happy.)
- Ella estÃ¡ triste. (She is sad.)
- Estamos en el parque. (We are at the park.)
- EstÃ¡ lluvioso. (It is raining.)",spanish_course_student_5,spanish_course
6,"Thanks! This is really helping. Can you give me an example where both verbs could be used, but the meaning changes slightly?","Absolutely! Hereâ€™s one:

**""Ser"" example:**  
- Ã‰l es feliz. (He is happy - referring to a permanent state.)
- **Estar** feliz. (He is happy - referring to a temporary feeling.)

This shows how both verbs can express happiness, but ""ser"" implies a lasting condition, while ""estar"" indicates a current state.",spanish_course_student_5,spanish_course
7,"Got it! One last question: When would I use ""estar"" for location instead of ""ser""?","Great question! Use **""estar""** for location when describing something temporary or specific to a moment:

- **Estar:** Juan estÃ¡ en la ciudad. (Juan is in the city - temporary location.)
  
Use **""ser""** for describing where something is permanently located:

- **Ser:** La biblioteca es en esa calle. (The library is on that street - permanent location.)",spanish_course_student_5,spanish_course
8,Thank you! This has been really helpful.,You're welcome! Glad it helped. ğŸ˜Š Let me know if you have more questions!,spanish_course_student_5,spanish_course
1,"Hi, Iâ€™m learning Spanish and need help practising.",Great! Let's practice. Try to describe your day in Spanish.,spanish_course_student_6,spanish_course
2,Could you please give me an example of how to describe my day in Spanish?,"Sure! Here's an example: ""Hoy amaneciÃ³ soleado. DesayunÃ© cereales y tomÃ© un cafÃ©."" (Today it was sunny. I had cereals for breakfast and a coffee.)",spanish_course_student_6,spanish_course
3,"Got it! Could you help me with a simpler sentence, maybe about what I did this morning?","Of course! Try: ""Este maÃ±ana me levantÃ©, tomÃ© un cafÃ© y fui al mercado."" (This morning I got up, had coffee, and went to the market.)",spanish_course_student_6,spanish_course
4,"Thanks! Can you explain what ""levantÃ©"" means in this sentence?","""LevantÃ©"" means ""I got up"" or ""I rose"" in this sentence. It comes from the verb ""levantar,"" which means ""to lift"" or ""to rise.""",spanish_course_student_6,spanish_course
5,"Got it. And what about ""tomÃ©""? What does that mean in this context?","""Tome"" means ""I took"" or ""I had"" in this context. Specifically, it means ""I had"" in the sense of consuming something, like ""I had coffee.""",spanish_course_student_6,spanish_course
6,"Thanks! One more question: What does ""fui"" mean in this sentence?","""Fui"" means ""I went"" or ""I was"" in this context. It's the past tense of the verb ""ir,"" which means ""to go.""",spanish_course_student_6,spanish_course
7,"Great! So, ""me levantÃ©, tomÃ© un cafÃ© y fui al mercado"" translates to ""I got up, had coffee, and went to the market."" Thanks for the examples!","Exactly! Your translation is perfect:  
""Me levantÃ©, tomÃ© un cafÃ© y fui al mercado.""  
Great job! ğŸ˜Š",spanish_course_student_6,spanish_course
8,Thanks! I'm really starting to feel more comfortable now.,"Great! I'm glad to help. Keep practicing, and you'll do even better! ğŸ˜Š",spanish_course_student_6,spanish_course
1,"Hi, how do I use past tense verbs in Spanish?","Past tense in Spanish is typically formed using ""habÃ­a,"" ""habÃ­a sido,"" or conjugated verbs like ""habÃ­a comido."" Which specific past tense form would you like to practice?",spanish_course_student_7,spanish_course
2,"Could you give me an example of how to use ""habÃ­a comido"" in a sentence?","Sure! Here's an example: ""HabÃ­a comido mucho antes de venir a clase."" (I had eaten a lot before coming to class.)",spanish_course_student_7,spanish_course
3,"Got it. And what about other past tense forms like ""habÃ­a sido""? Can you give me an example of that?","Of course! Here's an example: ""HabÃ­a sido una experiencia emocionante."" (It had been an exciting experience.)",spanish_course_student_7,spanish_course
4,"Thanks! Can you show me another example using a different verb, like ""hablar""?","Absolutely! ""HabÃ­a hablado con ella la semana pasada."" (I had spoken with her last week.)",spanish_course_student_7,spanish_course
5,"Got it. Now, when should I use ""habÃ­a"" versus ""habÃ­a sido""?","Use ""habÃ­a"" for simple past actions: ""HabÃ­a comido"" (I had eaten).

Use ""habÃ­a sido"" for describing a state or condition: ""HabÃ­a sido una sorpresa"" (It had been a surprise).",spanish_course_student_7,spanish_course
6,"Got it! Thanks for the examples. Could you give me one more sentence using ""habÃ­a sido""?","Sure! ""HabÃ­a sido un dÃ­a largo para todos."" (It had been a long day for everyone.)",spanish_course_student_7,spanish_course
7,"Thanks! That really helps. Can you show me how to make the verb ""correr"" (to run) in the past tense using ""habÃ­a""?","Of course! ""HabÃ­a corrido mucho"" means ""I had run a lot"" or ""He/she had run a lot.""",spanish_course_student_7,spanish_course
8,"Perfect! Thanks for the example. Can you give me one more sentence with a different subject, like ""nosotros""?","Absolutely! ""HabÃ­amos corrido mucho"" means ""We had run a lot.""",spanish_course_student_7,spanish_course
1,"Hi, can you help me practice a short dialogue in Spanish?","Of course! Here's a simple dialogue:

**Person A**: Hola, Â¿cÃ³mo estÃ¡s?
**Person B**: Estoy bien, gracias. Â¿Y tÃº?
**Person A**: TambiÃ©n bien. Â¿QuÃ© haces hoy?
**Person B**: Estoy estudiando.

Let's practice!",spanish_course_student_8,spanish_course
2,Great! Could you please provide a brief scenario or context for this dialogue?,Sure! This dialogue could occur in a casual encounter between two friends. Person A is greeting Person B and asking about their day. Person B responds and shares they are studying.,spanish_course_student_8,spanish_course
3,"Got it. Now, could you suggest some common phrases or expressions to use before and after this dialogue to make it more natural?","Absolutely! Here are some natural phrases:

**Before:**
- Â¿Listo para la charla?
- Â¿QuÃ© tal si hablamos?

**After:**
- Â¿Te gustarÃ­a seguir charlando?
- Fue un gusto charlar contigo.

These add a more natural flow to the conversation!",spanish_course_student_8,spanish_course
4,"Thank you! One last thing, could you give me some tips on how to improve my pronunciation in Spanish?","Sure! Here are some tips:
1. Listen to native speakers.
2. Record yourself.
3. Practice with a tutor.
4. Use apps for pronunciation exercises.
5. Focus on sounds you find challenging.

Practice regularly!",spanish_course_student_8,spanish_course
5,Thank you! That's really helpful. Could you recommend any specific apps for pronunciation practice?,"Sure! Try:
1. Duolingo
2. Babbel
3. Memrise
4. SpanishDict
5. Pimsleur

Focus on listening and repeating!",spanish_course_student_8,spanish_course
6,"Got it. And for the dialogue we practiced, how can I improve my role-playing skills?","Role-play different scenarios! Practice the dialogue with a friend or use video recordings. Repeat it multiple times, focusing on natural flow and expressions.",spanish_course_student_8,spanish_course
7,"Got it. Let's practice the dialogue again, but this time with a more formal greeting. How would I change it?","Sure! Change it to:

**Person A**: Buenos dÃ­as, Â¿cÃ³mo estÃ¡?
**Person B**: Estoy bien, gracias. Â¿Y usted?
**Person A**: TambiÃ©n bien. Â¿QuÃ© estÃ¡ haciendo hoy?
**Person B**: Estoy trabajando.",spanish_course_student_8,spanish_course
8,Thanks! Could you give me a brief explanation of the formal greeting and its use in Spanish?,"Buenos dÃ­as is used in formal or professional settings, especially in the morning. It's more respectful than Hola. Use it when greeting someone you don't know well or in work settings.",spanish_course_student_8,spanish_course
1,"Hi, what are some tips for improving Spanish pronunciation?","Practice vowel sounds and roll the ""r."" Listen and mimic native speakers.",spanish_course_student_9,spanish_course
2,"Sure, could you explain more about listening and mimicking native speakers?","Sure! Listen to Spanish podcasts, music, or videos. Mimic by repeating what you hear. Focus on intonation and stress.",spanish_course_student_9,spanish_course
3,Can you give me an example of focusing on intonation and stress?,"Sure! For example, say ""La casa es grande"" with different stresses: ""La casA es grande"" (stress on ""casA"") vs. ""La caSA es grande"" (stress on ""caSA""). Notice how it changes the meaning!",spanish_course_student_9,spanish_course
4,Thanks! That helps a lot. Are there any specific exercises you recommend for practicing pronunciation?,"Yes! Try tongue twisters, shadowing (repeat what you hear), and pronunciation apps. Practice saying words slowly focusing on sounds.",spanish_course_student_9,spanish_course
5,Can you suggest some tongue twisters or words that are hard to pronounce in Spanish?,"Sure! Try: ""Rara un rato"" or ""Perro parado."" Slowly and repeatedly. Shadowing is also great for harder words!",spanish_course_student_9,spanish_course
6,Thanks for the examples! How about shadowing? Could you explain that in more detail?,"Sure! Shadowing means repeating exactly what you hear, as if you're ""shadowing"" the speaker. It helps with intonation and fluency!",spanish_course_student_9,spanish_course
7,Got it! Would you recommend using shadowing with Spanish podcasts or music?,"Yes! Use Spanish podcasts or music. Pause, repeat what's said. It really improves fluency and pronunciation!",spanish_course_student_9,spanish_course
8,Thank you! That makes a lot of sense. Do you have any favorite Spanish podcasts or music for beginners?,"For podcasts: ""Coffee Break Spanish"" is great! For music: Try ""Flor de Toloache"" or ""Los Tigres del Norte."" Start slow, enjoy!",spanish_course_student_9,spanish_course
1,"Hi, can you explain when to use 'ser' vs 'estar' in Spanish?","Sure! Use ""ser"" for permanent states or descriptions, and ""estar"" for temporary states. For example:
- Soy alto (permanent - I am tall)
- Estoy enfermo (temporary - I am sick)",spanish_course_student_10,spanish_course
2,Got it! Can you give me another example to better understand the difference?,"Of course! Hereâ€™s another example:

- Soy profesor (permanent - I am a teacher)
- Estoy en la escuela (temporary - I am at school)

Does that help clarify?",spanish_course_student_10,spanish_course
3,"Yes, that helps a lot! Can you provide more examples to further solidify my understanding?","Absolutely! Here are more examples:

- Soy de EspaÃ±a (permanent - I am from Spain)
- Estoy cansado (temporary - I am tired)

For places:
- Nuestro restaurante es famoso (permanent - Our restaurant is famous)
- Nuestro restaurante estÃ¡ abierto (temporary - Our restaurant is open)

Does this help solidify it?",spanish_course_student_10,spanish_course
4,That's really helpful! Thanks! Can you give me a quick check to make sure I understand?,"Great! Quick check:

For permanent or defining characteristics, use ""ser"":
- Soy alto.
- NacÃ­ en 1990.

For temporary conditions, use ""estar"":
- Estoy enfermo.
- Estoy leyendo un libro.

Feel good about it?",spanish_course_student_10,spanish_course
5,"Yes, I feel good about it! Thanks for the clear examples. Can you give me a word or phrase to practice with?","Sure! Try this:

""Es"" or ""EstÃ¡""? 
- Mi hermana ___________ en casa.
- ___________ lloviendo mucho. 

Think about whether the statements are permanent or temporary!",spanish_course_student_10,spanish_course
6,"Got it! Mi hermana **estÃ¡** en casa.  
EstÃ¡ lloviendo mucho.

Does that seem right?",Exactly right! Well done!,spanish_course_student_10,spanish_course
7,Thank you! That's very encouraging. Do you have any more practice exercises?,"Of course! Here are a few more:

1. Soy mÃ©dico. / Estoy enfermo.
2. Mi perro es cachorro. / EstÃ¡ dormido.
3. NacÃ­ en 2000. / Soy joven.

Try them out!",spanish_course_student_10,spanish_course
8,"Sure, here are my answers:

1. Soy mÃ©dico. / Estoy enfermo. â†’ Soy mÃ©dico. (permanent)
2. Mi perro es cachorro. / EstÃ¡ dormido. â†’ Mi perro es cachorro. (permanent)
3. NacÃ­ en 2000. / Soy joven. â†’ NacÃ­ en 2000. (permanent)

Does that look right?","Great try! Hereâ€™s the feedback:

1. Correct: **Soy mÃ©dico.** (permanent)
2. Correct: **Mi perro es cachorro.** (permanent)
3. Good try, but ""NacÃ­ en 2000"" is about a permanent fact. Use **Estoy joven** (I am young) for temporary.

Keep practicing!",spanish_course_student_10,spanish_course
1,"Hi, Iâ€™m learning Spanish and need help practising.",Hi! Great to help. What specific area of Spanish would you like to practice today?,spanish_course_student_11,spanish_course
2,Could you give me an example of a sentence or concept I could practice?,"Sure! How about practicing the future tense? Try saying ""Tomorrow I will study"" in Spanish: ""MaÃ±ana estudiarÃ©.""",spanish_course_student_11,spanish_course
3,"Got it! So for ""Tomorrow I will study,"" in Spanish it's ""MaÃ±ana estudiarÃ©."" Is the translation correct?","Yes! Correct! ""MaÃ±ana estudiarÃ©"" means ""Tomorrow I will study."" Great job!",spanish_course_student_11,spanish_course
4,Thanks! Can you give me another example with a different verb?,"Of course! Try: ""We will eat"" = ""Nosotros comeremos.""",spanish_course_student_11,spanish_course
5,"Got it! So ""Nosotros comeremos"" means ""We will eat."" Is that right?","Exactly! ""Nosotros comeremos"" means ""We will eat."" Great job!",spanish_course_student_11,spanish_course
6,"Thanks! Can you give me one more with a different verb, please?","Sure! How about: ""She sings"" = ""Ella canta.""",spanish_course_student_11,spanish_course
7,"Got it! So ""Ella canta"" means ""She sings."" Is that correct?","Yes! Exactly! ""Ella canta"" means ""She sings."" Great!",spanish_course_student_11,spanish_course
8,Thanks! Can you give me another sentence with a different verb tense?,"Of course! Try: ""They were reading"" = ""Estaban leyendo.""",spanish_course_student_11,spanish_course
1,"Hi, how do I use past tense verbs in Spanish?","Past tense in Spanish is commonly formed using ""habÃ­a"" + past participle for imperfect, and ""habÃ­a"" + past participle for preterite. For example, ""yo comÃ­a"" (imperfect) and ""yo comÃ­"" (preterite).",spanish_course_student_12,spanish_course
2,Thank you for the examples. Could you please give me another example for each tense to better understand the difference?,"Sure! ""I was eating"" in imperfect: ""Yo estaba comiendo.""  
""I ate"" in preterite: ""Yo comÃ­.""",spanish_course_student_12,spanish_course
3,Got it! Thank you. Can you also explain when to use the imperfect versus the preterite in past tense sentences?,"For ""estaba + verb"" (imperfect): Describes ongoing or habitual actions, like ""I was studying"" (Estaba estudiando).

For ""comÃ­"" (preterite): Describes a completed action, like ""I ate"" (ComÃ­).",spanish_course_student_12,spanish_course
4,Thank you! Can you provide more examples to help me practice distinguishing between the two?,"Sure! Practice with:

Imperfect: ""Ella vivÃ­a en una casa grande"" (She lived in a big house).
Preterite: ""El perro mordiÃ³ mi zapato"" (The dog bit my shoe).

Try using both in sentences to see the difference!",spanish_course_student_12,spanish_course
5,Thank you! That helps a lot. One more question: How do I know when to use reflexive verbs in the past tense?,"Reflexive verbs in past tense use ""me"" + verb + tense. For example, ""Me levantÃ©"" (I got up) or ""Nos baÃ±amos"" (We took a bath).

Check if the action involves oneself, like ""Me cambiÃ© la ropa"" (I changed clothes).",spanish_course_student_12,spanish_course
6,Thank you! This makes sense. Can you give me another example with a reflexive verb in the past tense?,"Of course! Hereâ€™s another example: ""Me cepillÃ© los dientes"" (I brushed my teeth).",spanish_course_student_12,spanish_course
7,Got it! Thank you for all your help. This is really clearing things up for me.,You're welcome! Glad it helped. Practice makes perfectâ€”keep going! ğŸ˜Š,spanish_course_student_12,spanish_course
8,Absolutely! I will. One last quick question: How do I know if a verb is reflexive?,"Reflexive verbs show the action reflects back to the subject. Common clues: ""-arse"" or ""-irse"" endings, or reflexive pronouns like ""me,"" ""te,"" ""se."" E.g., ""darse"" (to give oneself).",spanish_course_student_12,spanish_course
1,"Hi, can you help me practice a short dialogue in Spanish?","Sure! Let's practice. Here's a simple dialogue:

Person A: Hola, Â¿cÃ³mo estÃ¡s?
Person B: Estoy bien, gracias. Â¿Y tÃº?

Would you like to role-play this?",spanish_course_student_13,spanish_course
2,"Got it! Person A asks, ""Hola, Â¿cÃ³mo estÃ¡s?"" which means ""Hello, how are you?"" and Person B responds, ""Estoy bien, gracias. Â¿Y tÃº?"" meaning ""I'm good, thanks. And you?"" 

My question is: Could you give me some common phrases to use in a Spanish conversation like this?","Sure! Here are some common phrases:

- Â¿Quieres algo? (Do you want something?)
- Gracias, pero no. (Thanks, but no.)
- Â¿QuÃ© tal si...? (What about...?)
- Estoy de acuerdo. (I agree.)
- No lo sÃ©. (I don't know.)

These should help you have more natural conversations!",spanish_course_student_13,spanish_course
3,"Great, thanks! Could you give me a few more examples of greetings and goodbyes in Spanish?","Of course! Here are some common greetings and goodbyes:

Greetings:
- Â¡Buenos dÃ­as! (Good morning!)
- Â¡Buenas tardes! (Good afternoon!)
- Â¡Buenas noches! (Good evening!)

Goodbyes:
- Hasta luego! (See you later!)
- AdiÃ³s! (Goodbye!)
- Â¡Que tengas un buen dÃ­a! (Have a good day!)

These phrases should help you in various situations!",spanish_course_student_13,spanish_course
4,Thanks! Could you also give me some casual phrases for when I want to compliment someone?,"Absolutely! Here are some casual compliment phrases:

- Â¡QuÃ© guapa/guapo! (You're so pretty/cute! - informal)
- Â¡QuÃ© bien lo llevas! (You're doing great! - informal)
- Â¡QuÃ© listo lista! (You're so smart! - informal)
- Â¡QuÃ© bien lo tienes todo! (You have everything so well! - informal)
- Â¡QuÃ© talento! (What talent!)

Feel free to use these in casual conversations!",spanish_course_student_13,spanish_course
5,"Perfect, thank you! Could you provide some context for when to use these casual compliments?","Sure! Hereâ€™s when to use each:

1. ""Â¡QuÃ© guapa/guapo!"" - For someone looking nice or when noticing something about their appearance.
2. ""Â¡QuÃ© bien lo llevas!"" - When someone is doing something well or looking good.
3. ""Â¡QuÃ© listo lista!"" - To compliment someone's intelligence or wit.
4. ""Â¡QuÃ© bien lo tienes todo!"" - When someone is organized or handles things well.
5. ""Â¡QuÃ© talento!"" - When someone is really good at something, like a skill or talent.

These fit in casual, friendly settings!",spanish_course_student_13,spanish_course
6,Got it! Thanks for the examples. Can you also suggest some casual phrases for when I want to ask someone how they are doing?,"Of course! Here are some casual phrases:

- Â¿Â¡QuÃ© tal!? (What's up!?)
- Â¿Â¡CÃ³mo te va!? (How's it going!?)
- Â¿Â¡QuÃ© news!? (What's new!?)
- Â¿Â¡QuÃ© onda!? (What's up!?)
- Â¿Â¡EstÃ¡s bien!? (Are you okay!?)

These are great for casual conversations!",spanish_course_student_13,spanish_course
7,Thanks! Could you give me some examples of when to use each of these phrases?,"Sure!

1. ""Â¿Â¡QuÃ© tal!?"" - Great for catching up with friends or family.
2. ""Â¿Â¡CÃ³mo te va!?"" - Useful for asking about someone's day or work.
3. ""Â¿Â¡QuÃ© news!?"" - For checking in with friends and sharing updates.
4. ""Â¿Â¡QuÃ© onda!?"" - Informal greeting to friends or acquaintances.
5. ""Â¿Â¡EstÃ¡s bien!?"" - Quick check-in when you want to know if they're okay.

Feel free to use them in different contexts based on the relationship and situation!",spanish_course_student_13,spanish_course
8,Got it! Thanks for the examples. Could you suggest some polite ways to end a conversation in Spanish?,"Of course! Here are some polite ways to end a conversation:

- Â¡Hasta pronto! (See you soon!)
- Â¡Que tengas un buen dÃ­a! (Have a good day!)
- Â¡AdiÃ³s, gracias! (Goodbye, thanks!)
- Â¡Nos vemos! (See you!)
- Â¡Saludos! (Best regards!)

These are great for ending conversations politely!",spanish_course_student_13,spanish_course
1,"Hi, what are some tips for improving Spanish pronunciation?","Practice vowel sounds and roll the ""r."" Listen and mimic native speakers. Use apps for pronunciation exercises.",spanish_course_student_14,spanish_course
2,"Sure, let's break that down. Could you give me an example of how to practice vowel sounds or roll the ""r""?","Sure! Practice ""ae"" like in ""haya"" and ""u"" like in ""puto."" Roll the ""r"" by tapping the middle of your tongue on the roof of your mouth. Try saying ""ray"" and ""roar"" with the roll.",spanish_course_student_14,spanish_course
3,Got it. Could you suggest an app for pronunciation exercises?,"Try ""Duolingo"" or ""HelloTalk"" for pronunciation exercises and practice with native speakers.",spanish_course_student_14,spanish_course
4,Thanks! One more thingâ€”what specific exercises in Duolingo help with Spanish pronunciation?,"In Duolingo, focus on ""listening exercises"" and ""repeat after me"" activities. These help with vowel sounds and proper pronunciation.",spanish_course_student_14,spanish_course
5,"Great, thanks! And what about practicing with native speakers? How can I do that effectively?",Use apps like HelloTalk or Tandem. Find language-exchange partners for conversations focused on pronunciation.,spanish_course_student_14,spanish_course
6,Got it. And should I focus on certain words or sounds first when practicing?,"Yes! Start with vowels, r, and common consonant pairs. Practice words like ""perro"" and ""pequeÃ±o"" for ""r"" and ""ll"" sounds.",spanish_course_student_14,spanish_course
7,"Thanks! One last questionâ€”how can I get more comfortable with the ""rr"" sound?","Practice saying ""zapatero"" and ""barrer"" slowly. Use videos or songs with this sound for natural practice.",spanish_course_student_14,spanish_course
8,"Got it. One more questionâ€”do you have any tips for remembering to use the ""rr"" sound when speaking?","Use sticky notes with ""rr"" words around your house. Practice in front of a mirror and record yourself to notice improvements.",spanish_course_student_14,spanish_course
1,"Hi, can you explain when to use 'ser' vs 'estar' in Spanish?","Sure! Use ""ser"" for permanent states or characteristics (e.g., soy feliz - I am happy). Use ""estar"" for temporary states or locations (e.g., estoy enfermo - I am sick).",spanish_course_student_15,spanish_course
2,"Got it! Can you give me an example of using ""estar"" for a temporary state?","Sure! ""Estoy aquÃ­"" means ""I am here"" - the temporary state of being in a place.",spanish_course_student_15,spanish_course
3,"Thanks! Can you give me an example of using ""ser"" for a permanent characteristic?","Of course! ""Soy mexicano"" means ""I am Mexican"" - a permanent characteristic.",spanish_course_student_15,spanish_course
4,Great examples! Is there anything else I should know about using these verbs?,"Good question! Another key difference is:
- Use ""ser"" for describing what something is, e.g., soy maestro (I am a teacher).
- Use ""estar"" for describing where something is located, e.g., estÃ¡ en la mesa (it is on the table).

This distinction applies widely in Spanish!",spanish_course_student_15,spanish_course
5,Got it! Thanks for the clarification. Is there anything else I should watch out for with these verbs?,"You're doing great! Just remember:
- ""Ser"" for permanent states or characteristics.
- ""Estar"" for temporary states or locations.
- ""Ser"" for describing what something is.
- ""Estar"" for describing where something is.

You've got it! ğŸ˜Š",spanish_course_student_15,spanish_course
6,"Got it! Thanks for the detailed explanation. One last question: How would I use ""estar"" in a sentence about someone's health?","You're welcome! For health, use ""estar"": ""Estoy enfermo"" means ""I am sick.""",spanish_course_student_15,spanish_course
7,"Got it! So for ""estar enfermo,"" it means ""to be sick,"" right?","Exactly! ""Estoy enfermo"" means ""I am sick."" Great job!",spanish_course_student_15,spanish_course
8,"Thank you! One more quick question: Is there any other common way to say ""to be sick"" in Spanish?","Yes! Another common way is ""estar enfermo/a"" or just ""estar mal"" for feeling unwell.",spanish_course_student_15,spanish_course
1,"Hi, Iâ€™m learning Spanish and need help practising.","Great! Let's practice. Try to make a simple sentence using ""estar"" followed by an adjective.",spanish_course_student_16,spanish_course
2,"Got it. Could you give me an example of a simple sentence using ""estar"" followed by an adjective, please?","Sure! Here's an example: ""Me siento bien."" (I feel good.)",spanish_course_student_16,spanish_course
3,Got it. Could you provide another example maybe using a different adjective?,"Of course! Try: ""Estoy cansado."" (I am tired.)",spanish_course_student_16,spanish_course
4,"Got it. Now, could you explain why we use ""estar"" instead of ""ser"" in this case?","Sure! We use ""estar"" for temporary states or situations, like feelings or locations. For example, ""Me siento bien"" or ""Estoy en la casa.""",spanish_course_student_16,spanish_course
5,That makes sense. Can you give me another example using a different feeling or location?,"Sure! Try: ""Estoy triste."" (I feel sad.)",spanish_course_student_16,spanish_course
6,"Great! And for the location example, could you give me another one?","Of course! ""Estoy en el parque."" (I am at the park.)",spanish_course_student_16,spanish_course
7,"Got it. Thanks! One last question: When do we use ""ser"" instead of ""estar"" for location?","Good question! Use ""ser"" for descriptions of permanent or general locations, like "" Vivo en EspaÃ±a."" (I live in Spain.)",spanish_course_student_16,spanish_course
8,"Thanks! So, ""estar"" is for temporary states or locations, and ""ser"" is for permanent ones. Got it!",Exactly! Great job summarizing it! ğŸ‰,spanish_course_student_16,spanish_course
1,"Hi, how do I use past tense verbs in Spanish?","Past tense in Spanish is commonly expressed with ""hubo"" for general past or conjugated verbs like ""habÃ­"" for ""habÃ­a."" Which form do you need to use?",spanish_course_student_17,spanish_course
2,"Could you give me an example of when to use ""hubo"" versus ""habÃ­""?","Sure! Use ""hubo"" for general past events: Hubo una tormenta. (There was a storm.)
Use ""habÃ­"" (habÃ­a) for state or conditions: HabÃ­a mucha gente. (There was a lot of people.)",spanish_course_student_17,spanish_course
3,"Got it. When would I use ""habÃ­"" (habÃ­a) for state or conditions specifically?","Use ""habÃ­"" (habÃ­a) for states or conditions at a specific time in the past: HabÃ­a luz. (There was light.)",spanish_course_student_17,spanish_course
4,"Can you give me another example using ""habÃ­"" for a different state or condition?",Of course! HabÃ­a tranquilidad en la ciudad. (There was tranquility in the city.),spanish_course_student_17,spanish_course
5,"Great example! Is there anything else I should know about using ""habÃ­""?","Yes, ""habÃ­"" (habÃ­a) is for past states or conditions. Examples: HabÃ­a lluvia. (It was raining.) HabÃ­a risa. (There was laughter.)",spanish_course_student_17,spanish_course
6,"Thanks! Are there any common exceptions or tricky parts when using ""habÃ­""?","Yes, be careful with irregular verbs! Some common ones like ""estar"" become ""habÃ­a estado."" For example: HabÃ­a estado lloviendo. (It had been raining.)",spanish_course_student_17,spanish_course
7,Got it! Are there any other past tense forms in Spanish that I should know about?,"Yes, common ones are ""pasÃ©"" (pasÃ©), ""fui"" (fui), and ""comprÃ©"" (comprÃ©). For regular verbs, add -Ã©, -aste, -Ã³, -amos, -asteis, -aron.",spanish_course_student_17,spanish_course
8,"Thanks! That's helpful. One last question: When should I use ""pasÃ©"" versus ""fui""?","Use ""pasÃ©"" for passing by or spending time: PasÃ© por allÃ­.  
Use ""fui"" for going to or being somewhere: Fui al parque.",spanish_course_student_17,spanish_course
1,"Hi, can you help me practice a short dialogue in Spanish?","Sure! Let's practice a simple dialogue. Here's an example:

Person A: Hola, Â¿cÃ³mo te llamas?
Person B: Me llamo MarÃ­a. Â¿Y tÃº?
Person A: Me llamo Juan.

Practice saying these lines aloud. Need more practice or different dialogue?",spanish_course_student_18,spanish_course
2,"Got it! So, I should practice saying ""Hola, Â¿cÃ³mo te llamas?"" and the response ""Me llamo MarÃ­a. Â¿Y tÃº?"" out loud?",Exactly! Practice saying those lines out loud. Try alternating who says what. Good job!,spanish_course_student_18,spanish_course
3,Thank you! Can you give me another example of a short Spanish dialogue to practice?,"Sure! Try this:

**A**: Â¿De dÃ³nde eres?
**B**: Soy de EspaÃ±a.

Practice switching roles!",spanish_course_student_18,spanish_course
4,"Got it! So, for this dialogue, I should say ""Â¿De dÃ³nde eres?"" and then respond ""Soy de EspaÃ±a."" Is this correct?","Yes, perfect! Practice saying both parts. Keep going!",spanish_course_student_18,spanish_course
5,Great! Can you give me another pair of lines to practice?,"Of course! Here's another pair:

**A**: Â¿QuÃ© hace el sol?
**B**: El sol brilla.

Switch roles and practice!",spanish_course_student_18,spanish_course
6,"Got it! So, for this dialogue, I should say ""Â¿QuÃ© hace el sol?"" and then respond ""El sol brilla.""",Exactly! Practice those lines. Great job!,spanish_course_student_18,spanish_course
7,Thanks! Can you suggest another simple dialogue for me to practice?,"Sure! Try this:

**A**: Â¿Quieres una manzana?
**B**: SÃ­, por favor.

Switch roles and practice!",spanish_course_student_18,spanish_course
8,"Got it! So, for this dialogue, I should say ""Â¿Quieres una manzana?"" and then respond ""SÃ­, por favor.""",Exactly! Practice switching roles. Great job!,spanish_course_student_18,spanish_course
1,"Hi, what are some tips for improving Spanish pronunciation?",Practice vowel sounds and consonants separately first. Then practice syllables and words. Listen and mimic native speakers. Use apps like Duolingo for drills. Record yourself and compare to native speakers.,spanish_course_student_19,spanish_course
2,Could you give an example of how to practice vowel sounds separately?,"Sure! Practice saying just the vowel sounds like ""aaaa"" (ah), ""eeeee"" (eh), ""iiiii"" (ee), ""oooo"" (oh), ""uuuu"" (oo). Focus on length and clearness.",spanish_course_student_19,spanish_course
3,Got it. Can you suggest a simple exercise for practicing syllables?,"Yes! Try saying simple syllables like ""ma"", ""pa"", ""ta"", ""ka"". Focus on the transition between vowels and consonants.",spanish_course_student_19,spanish_course
4,Thank you. Can you recommend any specific Spanish pronunciation apps?,"Apps like ""SpanishPod101"" and ""HelloTalk"" have great pronunciation practice. ""Lingodeer"" also offers focused lessons.",spanish_course_student_19,spanish_course
5,Could you suggest a specific exercise from one of those apps?,"Sure! ""Lingodeer"" has vowel sound exercises. Try the ""Vowel Sounds"" section for targeted practice.",spanish_course_student_19,spanish_course
6,"Got it. Thanks! One last thing, how can I track my progress in pronunciation?",Record yourself before and after practicing. Compare to native speakers or ask a fluent friend for feedback. Track improvements over time!,spanish_course_student_19,spanish_course
7,Thank you! One last quick question: are there any common pitfalls to avoid in Spanish pronunciation?,"Yes! Avoid making English ""ah"" like ""uh"" for Spanish ""a"". Also, watch out for the ""rr"" and ""r"" distinction. Practice these to avoid confusion.",spanish_course_student_19,spanish_course
8,"Perfect, thanks! One last thing: are there any specific Spanish accents to focus on for beginners?","Focus on Castilian Spanish first. It's the most common. Practice Castilian vowels and consonants. Once comfortable, explore regional accents if interested.",spanish_course_student_19,spanish_course
1,"Hi, can you explain when to use 'ser' vs 'estar' in Spanish?","Sure! Use ""ser"" for permanent states or characteristics (e.g., soy feliz), and ""estar"" for temporary states or situations (e.g., estoy enfermo).",spanish_course_student_20,spanish_course
2,Got it. Can you give me an example of each?,"Of course! ""Ser feliz"" means ""to be happy"" (permanent state), while ""estar enfermo"" means ""to be sick"" (temporary condition).",spanish_course_student_20,spanish_course
3,Thanks! Can you think of another example for each?,"Sure! For ""ser"": ""Soy estudiante"" (I am a student - permanent role).  
For ""estar"": ""Estoy cansado"" (I am tired - temporary feeling).",spanish_course_student_20,spanish_course
4,Great examples! Is there anything else I should watch out for?,"Just remember, ""ser"" is for qualities and states, while ""estar"" is for conditions and situations. Keep practicing with different contexts!",spanish_course_student_20,spanish_course
5,Thanks! That makes sense. Can you give me a quick example with a time reference?,"Sure! ""Siempre soy estudioso"" (I am always studious) vs. ""Estoy cansado esta tarde"" (I am tired this afternoon).",spanish_course_student_20,spanish_course
6,Got it! Thanks for the examples. This really helps!,You're welcome! Glad it helped. Practice makes perfectâ€”keep going! ğŸ˜Š,spanish_course_student_20,spanish_course
7,Thanks! I will. Do you have any more tips?,"Sure! Focus on the meaning: ""ser"" for nature, identity, or permanent states; ""estar"" for location, appearance, or temporary states. Keep reviewing!",spanish_course_student_20,spanish_course
8,Thanks! I think I understand it better now. Do you have any common mistakes I should avoid?,"Definitely! Common mistakes include using ""estar"" for permanent traits and ""ser"" for temporary conditions. Practice distinguishing between the two!",spanish_course_student_20,spanish_course
1,"Hi, Iâ€™m learning Spanish and need help practising.","Sure, let's practice! How about starting with a simple greeting: ""Â¿CÃ³mo estÃ¡s?"" (How are you?)",spanish_course_student_21,spanish_course
2,"Got it. Now, could you please give me a response to ""Â¿CÃ³mo estÃ¡s?""","Of course! You could respond with: ""Estoy bien, gracias. Â¿Y tÃº?"" (I'm good, thanks. And you?)",spanish_course_student_21,spanish_course
3,"Got it. Now, what does ""Â¿Y tÃº?"" mean in English?","""Â¿Y tÃº?"" means ""And you?"" in English.",spanish_course_student_21,spanish_course
4,"Great! Now, can you give me another simple Spanish phrase to practice?","Sure! Try: ""Gracias"" (Thanks) and ""De nada"" (You're welcome).",spanish_course_student_21,spanish_course
5,"Got it. Can you give me a sentence using ""Gracias"" and ""De nada""?","Of course! Here's a simple sentence:  
""Gracias, de nada."" (Thanks, you're welcome.)",spanish_course_student_21,spanish_course
6,"Got it. Now, what is the correct way to respond if someone says ""Gracias""?","You respond with ""De nada"" or ""No problema.""",spanish_course_student_21,spanish_course
7,"Great! Now, can you give me a scenario where I might use ""Gracias"" and ""De nada""?","Sure! Here's a simple scenario:

Person A: ""AquÃ­ tienes tu libro."" (Here's your book.)
You: ""Gracias."" (Thanks.)
Person A: ""De nada."" (You're welcome.)",spanish_course_student_21,spanish_course
8,Got it! Thanks for the example. What other common phrases can I use in a Spanish conversation?,"Great! Try these:

- Â¿Te gusta? (Do you like it?)
- Me encanta! (I love it!)
- Necesitas ayuda? (Do you need help?)
- Estoy de acuerdo. (I agree.)

Let me know if you want more!",spanish_course_student_21,spanish_course
1,"Hi, how do I use past tense verbs in Spanish?","Past tense in Spanish is typically formed using ""habÃ­a,"" ""habÃ­amos,"" ""habÃ­as,"" ""habÃ­ais,"" ""habÃ­a,"" or ""habÃ­an"" + past participle. Check if you have the right subject and verb agreement!",spanish_course_student_22,spanish_course
2,"Could you please give me an example of how to form the past tense using ""habÃ­a""?","Sure! With ""habÃ­a,"" you'd say: 
- HabÃ­a una casa -> There was a house. 
Check your agreement and use the correct form of the past participle!",spanish_course_student_22,spanish_course
3,"Got it. Could you also show me how to form the past tense using the verb ""hablar""?","Sure! For ""hablar"" (to speak/talk):

- Hablabas -> You were speaking.
- HablÃ¡bamos -> We were speaking.
- Hablabais -> You (plural) were speaking.
- Hablaban -> They/You (formal plural) were speaking.

Check the subject for agreement! ğŸ˜Š",spanish_course_student_22,spanish_course
4,"Thank you! Could you also show me how to use the past participle with ""hablar""?","No problem! With ""hablar"" (to speak/talk), the past participle is ""hablado."" 

Example:
- HabÃ­a hablado -> I had spoken.
- HabÃ­amos hablado -> We had spoken.
- Hablabais hablado -> You (plural) had spoken.
- HabÃ­an hablado -> They/You (formal plural) had spoken.

Check for agreement with the subject!",spanish_course_student_22,spanish_course
5,"Got it! One last question: When would I use ""habÃ­amos"" versus ""habÃ­a""?","Good question! Use ""habÃ­amos"" for ""we"" in past tense:
- HabÃ­amos hablado -> We had spoken.

Use ""habÃ­a"" for ""I"" or ""there was/there were"":
- HabÃ­a hablado -> I had spoken. / There had been speaking.

Check your subject! ğŸ˜Š",spanish_course_student_22,spanish_course
6,"Got it! Thanks for the clear examples. One last thing: How do I know which form of ""habÃ­a"" to use?","No problem! Use ""habÃ­a"" for singular subjects (I, there was/there was):
- HabÃ­a comido -> I had eaten.

Use ""habÃ­amos"" for plural subjects (we, there had been):
- HabÃ­amos comido -> We had eaten.

Check the subject for the right agreement!",spanish_course_student_22,spanish_course
7,Got it! Thanks so much for the clarification and examples. I think I understand now! ğŸ˜Š,"You're welcome! ğŸ˜Š Great to hear you understand! If you have more questions, feel free to ask. Happy studying!",spanish_course_student_22,spanish_course
8,Thank you! I will definitely use this when practicing. Have a great day! ğŸ˜Š,You're welcome! ğŸ˜Š Happy practicing and have a great day! âœ¨,spanish_course_student_22,spanish_course
1,"Hi, can you help me practice a short dialogue in Spanish?","Of course! Here's a simple dialogue:

**Person A:** Buenos dÃ­as, Â¿quÃ© tal?
**Person B:** Buenos dÃ­as, estoy bien, gracias. Â¿Y tÃº?

Would you like to role-play this?",spanish_course_student_23,spanish_course
2,"Yes, please! Could you give me a few more examples of greetings in Spanish?","Sure! Here are some more greetings:

**Buenas tardes, Â¿cÃ³mo estÃ¡?**
**Â¡Buenas noches! Â¿Descansaste bien?**
**Â¡Hola! Â¿QuÃ© tal tu dÃ­a?**

Let's practice! Pick one and respond.",spanish_course_student_23,spanish_course
3,"Got it! Let's practice with **""Â¡Buenas tardes, Â¿cÃ³mo estÃ¡?""**

Could you please respond to that?","Â¡Buenas tardes! Estoy bien, gracias. Â¿Y tÃº?",spanish_course_student_23,spanish_course
4,Perfect! That's great. Let's make it a bit more natural. Could you give me another example where someone is not feeling well?,"Claro!

**A:** Â¡Buenas tardes, Â¿cÃ³mo estÃ¡?  
**B:** Buenas tardes. No too well, not feeling great. How about you?  
**A:** Yo tambiÃ©n. Â¿Quieres tomar algo?  

This translates to:  
**A:** Good afternoon, how are you?  
**B:** Good afternoon. Not feeling too great, not great. How about you?  
**A:** Me neither. Want to grab something?",spanish_course_student_23,spanish_course
5,Got it! Thank you. Could you provide a more natural Spanish version of that?,"Sure! Here's a more natural version:

**A:** Â¡Buenas tardes, Â¿cÃ³mo estÃ¡?  
**B:** Buenas tardes. No muy bien, no muy buen dÃ­a. Â¿Y tÃº?  
**A:** Yo tampoco. Â¿Quieres tomar algo?  

This translates to:
**A:** Good afternoon, how are you?  
**B:** Good afternoon. Not feeling great, not a good day. How about you?  
**A:** Me neither. Want to grab something?",spanish_course_student_23,spanish_course
6,Thank you! That sounds great. Can you give me a few more examples where the responses are more casual and conversational?,"Absolutely! Here are some more casual examples:

**A:** Â¿QuÃ© tal?  
**B:** Ah, no tan bien, estresado. Â¿Y tÃº?  
**A:** No tan bien, cansado. Â¿Quieres salir un rato?  

This translates to:
**A:** Whatâ€™s up?  
**B:** Ah, not so good, stressed. How about you?  
**A:** Not so good, tired. Want to grab a coffee?  

Or another one:
**A:** Â¿QuÃ© pasa?  
**B:** Esto no me estÃ¡ yendo bien. Â¿Y tÃº?  
**A:** A mÃ­ tampoco. Â¿QuÃ© tal si vamos al cine?  

This translates to:
**A:** Whatâ€™s happening?  
**B:** This isnâ€™t going well for me. How about you?  
**A:** Me neither. How about we go to the movies?",spanish_course_student_23,spanish_course
7,Got it! Those examples are really helpful. Could you give me a few more with different greetings to mix it up?,"Of course! Here are some more with different greetings:

**A:** Â¿QuÃ© onda?  
**B:** Estoy cansado. Â¿Y tÃº?  
**A:** Yo tambiÃ©n. Â¿Quieres ir al parque?  

This translates to:
**A:** Whatâ€™s up?  
**B:** Iâ€™m tired. How about you?  
**A:** Me too. Want to go to the park?

Or another one:
**A:** Â¿QuÃ© hay?  
**B:** Nada, solo trabajando. Â¿Y tÃº?  
**A:** Yo tambiÃ©n. Â¿Quieres ir a comer?  

This translates to:
**A:** Whatâ€™s new?  
**B:** Nothing, just working. How about you?  
**A:** Me too. Want to go eat?",spanish_course_student_23,spanish_course
8,Great! Thank you. Those examples are really helping me practice. Could you give me a few more with different topics of conversation to mix it up even more?,"Of course! Here are some more with different topics:

**A:** Â¿Te gusta el fÃºtbol?  
**B:** SÃ­, amo el fÃºtbol. Â¿TÃº?  
**A:** Yo tambiÃ©n, Â¡es genial! Â¿CuÃ¡l es tu equipo favorito?  

This translates to:
**A:** Do you like football?  
**B:** Yes, I love football. You?  
**A:** Me too, itâ€™s great! Whatâ€™s your favorite team?

Or another one:
**A:** Â¿Te gustan los viajes?  
**B:** Â¡SÃ­, amo los viajes! Â¿A dÃ³nde has viajado?  
**A:** He estado en Italia y Francia. Â¿Y tÃº?  

This translates to:
**A:** Do you like traveling?  
**B:** Yes, I love traveling! Where have you traveled?  
**A:** I've been to Italy and France. How about you?",spanish_course_student_23,spanish_course
1,"Hi, what are some tips for improving Spanish pronunciation?","Try these tips:
1. Listen andæ¨¡ä»¿Ğ»Ğ°Ñ",spanish_course_student_24,spanish_course
2,"It looks like there was a mix-up with the translation. Let's focus on the task at hand: improving Spanish pronunciation. Here's a simple question based on that:

What are some common sounds in Spanish that are different from English?","Some common Spanish sounds different from English include:
- The ""ll"" sound, like ""y"" in ""yes""
- The ""rr"" sound, a guttural roll
- The ""Ã±"" sound, like ""ni"" in ""inn""
- The ""ch"" sound, like ""ch"" in ""cheese""",spanish_course_student_24,spanish_course
3,Got it. Thanks! What are some practical ways to practice these sounds?,"Try these practical ways:
1. Listen to native speakers.
2. Repeat sounds in front of a mirror.
3. Record yourself and compare.
4. Use apps like Duolingo for practice.",spanish_course_student_24,spanish_course
4,"Thanks! How about specific exercises for the ""rr"" and ""ll"" sounds?","Sure! Here are specific exercises:

1. **""R"" Sound (Rr)**: 
   - Practice rolling your ""r"" by making sure your tongue touches the roof of your mouth. Try words like ""rrey,"" ""carro,"" and ""puro.""

2. **""L"" Sound (Ll)**: 
   - Use your lips to purse slightly when saying ""l."" Practice words like ""llave,"" ""lleno,"" and ""lluvia.""",spanish_course_student_24,spanish_course
5,Thanks! Can you suggest some Spanish words or phrases that are good for practicing these sounds?,"Sure! Here are some words and phrases:

**""R"" Sound (Rr):**
- Rrey (knight)
- Carro (car)
- Puro (cigarette)

**""L"" Sound (Ll):**
- Llave (key)
- Lleno (full)
- Lluvia (rain)

Practice saying these in sentences like ""La llave estÃ¡ en la mesita.""",spanish_course_student_24,spanish_course
6,That's helpful! What other Spanish sounds should I focus on for pronunciation?,"Focus on these key Spanish sounds:

1. **""Y"" (I)** - Like ""ee"" in ""see"" (e.g., ""yema"" - yolk)
2. **""B"" and ""V""** - Often indistinguishable (e.g., ""papa"" vs. ""papa"")
3. **""H""** - Silent in many words (e.g., ""amigo"")

Practice them in simple sentences to get comfortable.",spanish_course_student_24,spanish_course
7,"Thanks! How about some simple sentences to practice the ""y"" and ""h"" sounds?","Sure! Try these:

**""Y"" Sound:**
- ""La yema estÃ¡ en la yema."" (The yolk is in the yolk.)

**""H"" Sound:**
- ""El hombre ama a la humana."" (The man loves the human.)

Practice these in context to improve clarity!",spanish_course_student_24,spanish_course
8,"Great, thanks! What resources or apps can I use to practice these sounds?","Try these resources:

1. **Duolingo** - Practice sounds in lessons.
2. **HelloTalk** - Chat with native speakers.
3. **Forvo** - Listen to words pronounced by natives.
4. **Pimsleur** - Focus on pronunciation in dialogues.

Pick what fits your learning style best!",spanish_course_student_24,spanish_course
1,"Hi, can you explain when to use 'ser' vs 'estar' in Spanish?","Sure! Use ""ser"" for permanent characteristics or states (e.g., soy feliz, es grande). Use ""estar"" for temporary conditions (e.g., estoy enfermo, estÃ¡ lluvioso).",spanish_course_student_25,spanish_course
2,"Got it. Can you give me an example of when to use ""estar"" for a permanent characteristic?","""Esto es un coche"" (This is a car) - Here, ""esto es"" uses ""ser"" for a permanent characteristic. For temporary: ""Estoy cansado"" (I am tired).",spanish_course_student_25,spanish_course
3,"Thanks! Can you give me an example of using ""estar"" for a permanent condition?","Sure! ""Estar"" is used for temporary conditions or states. For example, ""Siempre estoy ocupado"" (I am always busy).",spanish_course_student_25,spanish_course
4,"Thanks! Can you give me another example of using ""estar"" for something temporary?","Of course! ""Estar"" for temporary: ""Estoy aprendiendo espaÃ±ol"" (I am learning Spanish).",spanish_course_student_25,spanish_course
5,"Got it. Can you give me an example of using ""ser"" for something permanent?","Sure! ""Ser"" for permanent: ""Soy mexicano"" (I am Mexican).",spanish_course_student_25,spanish_course
6,"Thanks! Can you provide one more example of ""ser"" used for a permanent state?","Absolutely! ""Ella es estudiante"" (She is a student) - for a permanent state or role.",spanish_course_student_25,spanish_course
7,"Perfect! Can you give me an example of ""estar"" used for something temporary happening right now?","Yes! ""Estoy hablando"" (I am speaking right now).",spanish_course_student_25,spanish_course
8,Great example! Thanks for the help!,"You're welcome! If you have more questions, feel free to ask. ğŸ˜Š",spanish_course_student_25,spanish_course
1,"Hi, Iâ€™m learning Spanish and need help practising.","Sure, let's practice! Try saying ""The cat is black"" in Spanish.",spanish_course_student_26,spanish_course
2,"Got it: ""El gato es negro."" Thank you! Could you give me another sentence to practice?","Great job! Try: ""She is reading a book."" in Spanish: ""Ella estÃ¡ leyendo un libro.""",spanish_course_student_26,spanish_course
3,"Thank you! Now, could you please say ""He is eating an apple"" in Spanish?","Sure! ""Ã‰l estÃ¡ comiendo una manzana.""",spanish_course_student_26,spanish_course
4,"Perfect! How about saying ""They are playing soccer"" in Spanish?","Great! ""Ellos estÃ¡n jugando fÃºtbol.""",spanish_course_student_26,spanish_course
5,"Thank you! One last one: How would you say ""We are studying"" in Spanish?","You're welcome! ""Estamos estudiando.""",spanish_course_student_26,spanish_course
6,"Perfect! How about saying ""It is raining"" in Spanish?","Sure! ""EstÃ¡ lloviendo.""",spanish_course_student_26,spanish_course
7,"Great! And how would you say ""They are cooking dinner"" in Spanish?","Good question! ""EstÃ¡n preparando la cena.""",spanish_course_student_26,spanish_course
8,"Perfect! One last sentence: How do you say ""It is cold outside"" in Spanish?","You're doing great! ""Hace frÃ­o fuera.""",spanish_course_student_26,spanish_course
1,"Hi, how do I use past tense verbs in Spanish?","In Spanish, past tense verbs are typically used to describe actions that happened in the past. The most common past tense forms are:

1. PretÃ©rito perfecto (compound past): Use ""habÃ­a"" + past participle for simple past.
2. PretÃ©rito imperfecto: Use ""estaba"" + past participle for ongoing actions in the past.

For example:
- HabÃ­a comido (I had eaten)
- Estaba comiendo (I was eating)

Which form should you use depends on the context!",spanish_course_student_27,spanish_course
2,Got it. Could you give me an example of when to use each form?,"Sure! Hereâ€™s when to use each:

1. **PretÃ©rito Perfecto (habÃ­a + past participle)**: For completed actions in the past.
   - Example: HabÃ­a terminado el trabajo. (I had finished the work.)

2. **PretÃ©rito Imperfecto (estaba + past participle)**: For ongoing or habitual actions in the past.
   - Example: Estaba leyendo un libro. (I was reading a book.)

These help you describe specific past actions or states!",spanish_course_student_27,spanish_course
3,That's helpful. Can you give me more examples for each tense to better understand the difference?,"Of course! Here are more examples:

**PretÃ©rito Perfecto (habÃ­a + past participle):**
- HabÃ­a llorado. (I had cried.)
- HabÃ­an llegado a tiempo. (They had arrived on time.)

**PretÃ©rito Imperfecto (estaba + past participle):**
- Estaba pensando en ti. (I was thinking about you.)
- EstÃ¡bamos discutiendo cuando llegaste. (We were arguing when you arrived.)

These examples should help you see the difference!",spanish_course_student_27,spanish_course
4,Thank you! Could you also give me an example where the context would determine which tense to use?,"Sure! Hereâ€™s an example:

Imagine telling a story about someone arriving late to a party:

- ""Ella habÃ­a llegado a las 8."" (She had arrived at 8.)
- ""Ella estaba llegando a las 8."" (She was arriving at 8.)

The first sentence implies she arrived before the event started, while the second suggests she was still arriving at 8. Context helps choose the right tense!",spanish_course_student_27,spanish_course
5,That makes sense! Thank you for the examples. Could you provide one more with different contexts to really solidify my understanding?,"Absolutely! Hereâ€™s another example:

**Context: Describing someone's routine before an event.**

- ""Cada maÃ±ana, Ã©l tomaba cafÃ© antes de ir al trabajo."" (Every morning, he would take coffee before going to work.)
  - Here, ""tomaba"" (used PretÃ©rito Imperfecto) shows this was a repeated action.

- ""Un dÃ­a, Ã©l habÃ­a tomado cafÃ© antes de ir al trabajo."" (One day, he had taken coffee before going to work.)
  - Here, ""habÃ­a tomado"" (used PretÃ©rito Perfecto) suggests it was a completed action.

These contexts clearly show the difference!",spanish_course_student_27,spanish_course
6,Thank you! This is really helping me understand. Can you give me a quick recap of when to use each tense in these examples?,"Sure! Recap:

1. **PretÃ©rito Perfecto (habÃ­a + past participle):**
   - Used for completed actions in the past.
   - Example: HabÃ­a terminado el trabajo. (I had finished the work.)

2. **PretÃ©rito Imperfecto (estaba + past participle):**
   - Used for ongoing or habitual actions in the past.
   - Example: Estaba leyendo un libro. (I was reading a book.)

3. **Context-driven:**
   - **PretÃ©rito Imperfecto:** Used for repeated actions or habits.
     - Example: Cada maÃ±ana, Ã©l tomaba cafÃ©. (Every morning, he would take coffee.)
   - **PretÃ©rito Perfecto:** Used for completed actions in the past.
     - Example: Un dÃ­a, Ã©l habÃ­a tomado cafÃ©. (One day, he had taken coffee.)

This should help you choose the right tense based on context!",spanish_course_student_27,spanish_course
7,"That's really helpful. Thank you! One last thing, could you provide a quick example where the context is ambiguous and I need to decide which tense to use?","Absolutely! Here's an ambiguous example:

**Context:**
- ""Ella llegÃ³ tarde porque estuvo trabajando.""

**Choices:**
1. ""Estuvo"" = PretÃ©rito Imperfecto (ongoing)
2. ""HabÃ­a"" = PretÃ©rito Perfecto (completed)

Both are possible, but:

- ""Ella estuvo trabajando porque llegÃ³ tarde."" (She was working because she arrived late.)
- ""Ella habÃ­a trabajado porque llegÃ³ tarde."" (She had worked because she arrived late.)

The context determines the best choice!",spanish_course_student_27,spanish_course
8,"Thank you! So in this case, ""estuvo"" would suggest she was still working when she arrived late, while ""habÃ­a"" would indicate she had finished working before arriving. Got it!","Exactly! Great summary! 
- ""Estuvo"" shows she was still working when she arrived.
- ""HabÃ­a"" indicates she had finished working before arriving.

You've got it! ğŸ˜Š",spanish_course_student_27,spanish_course
1,"Hi, can you help me practice a short dialogue in Spanish?","Sure! Here's a simple dialogue:

**Person A:** Â¿QuÃ© hora es?
**Person B:** Son las tres.

Feel free to practice saying it out loud!",spanish_course_student_28,spanish_course
2,"Got it! To practice saying it out loud, should I say both parts or just one?",Say both parts to practice. It helps with fluency!,spanish_course_student_28,spanish_course
3,"Great, so I should say: 
**Person A:** Â¿QuÃ© hora es?
**Person B:** Son las tres.","Exactly! Give it a try:  
**Person A:** Â¿QuÃ© hora es?  
**Person B:** Son las tres.  

Great practice!",spanish_course_student_28,spanish_course
4,"Got it! Let me try:
**Person A:** Â¿QuÃ© hora es?  
**Person B:** Son las tres.  

How does that sound?","Great job! You're doing well. Keep practicing, and it will sound more natural over time. How does it feel when you say it?",spanish_course_student_28,spanish_course
5,It feels good to practice! I feel more confident saying it now. Thanks for the practice!,"You're welcome! I'm glad you feel more confident. Keep practicing, and you'll improve even more. ğŸ˜Š",spanish_course_student_28,spanish_course
6,Sure! Can you suggest another simple dialogue for me to practice?,"Of course! Here's another simple one:

**A:** Hola, Â¿cÃ³mo estÃ¡s?  
**B:** Estoy bien, gracias. Â¿Y tÃº?  

Practice saying both parts!",spanish_course_student_28,spanish_course
7,"Got it! Let's practice:
**A:** Hola, Â¿cÃ³mo estÃ¡s?  
**B:** Estoy bien, gracias. Â¿Y tÃº?  

How does that sound?","Great! Here's how it should sound:

**A:** Hola, Â¿cÃ³mo estÃ¡s?  
**B:** Estoy bien, gracias. Â¿Y tÃº?  

You're doing great!",spanish_course_student_28,spanish_course
8,Thanks! I feel more comfortable with this dialogue now. Can you suggest another one?,"Sure! How about:

**A:** Â¿Te gusta el deporte?  
**B:** SÃ­, me gusta mucho. Â¿TÃº?  

Practice both parts!",spanish_course_student_28,spanish_course
1,"Hi, what are some tips for improving Spanish pronunciation?",Practice vowel sounds daily. Listen to native speakers and mimic them. Use apps for pronunciation. Read aloud to get comfortable with sounds.,spanish_course_student_29,spanish_course
2,I'm not sure I fully understand. Could you provide examples of Spanish vowel sounds that are tricky for non-native speakers?,"Sure! Try these:
- ""U"" as in ""puro"" (sounds like ""o"" in ""book"")
- ""I"" as in ""fiesta"" (sounds like ""ee"" in ""see"")
- ""A"" in some positions sounds like ""ah""",spanish_course_student_29,spanish_course
3,Thank you. Could you also suggest an app for improving Spanish pronunciation?,"Certainly! Try ""Duolingo"" or ""HelloTalk"" for pronunciation practice.",spanish_course_student_29,spanish_course
4,"Got it. Could you explain more about how ""HelloTalk"" helps with pronunciation?","""HelloTalk"" lets you practice with native speakers through messages and voice notes. It helps hear and mimic natural pronunciation.",spanish_course_student_29,spanish_course
5,Got it. One last question: How can reading aloud help with Spanish pronunciation?,Reading aloud helps you get comfortable with word flows and improves your accent. It enhances recognition and recall of sounds.,spanish_course_student_29,spanish_course
6,Thank you! One more thingâ€”do you have any tips for remembering the sounds of less common letters or combinations?,Sure! Practice words containing these letters. Write them down. Use flashcards. Listen to songs with those sounds.,spanish_course_student_29,spanish_course
7,Got it. Could you recommend some Spanish songs with unique sounds that I could listen to?,"Sure! Try ""Despacito"" by Luis Fonsi, ""La Bamba"" by Ritchie Valens, or ""Macarena."" Listen to the lyrics to focus on unique sounds.",spanish_course_student_29,spanish_course
8,Thank you! One last questionâ€”how can listening to Spanish podcasts help with pronunciation?,Listening to podcasts exposes you to natural speech. Repeat after the hosts. Write down words you hear. Focus on pronunciation.,spanish_course_student_29,spanish_course
1,"Hi, can you explain when to use 'ser' vs 'estar' in Spanish?","Sure! Use ""ser"" for permanent states, characteristics, and identities. Use ""estar"" for temporary states, locations, and conditions.",spanish_course_student_30,spanish_course
2,"Got it. To summarize, would it be correct to say ""ser feliz"" for permanent happiness and ""estar enfermo"" for being sick right now?","Yes, exactly! ""Ser feliz"" for permanent happiness and ""estar enfermo"" for being sick right now.",spanish_course_student_30,spanish_course
3,"Thanks! Could you give me an example of when to use ""estar"" for location?","Sure! Use ""estar"" for temporary locations: ""Estoy en la casa"" (I am at the house).",spanish_course_student_30,spanish_course
4,Great! And what about saying someone is tired all the time versus just now?,"Good question! For being tired all the time: ""Estoy siempre cansado"" (I am always tired). For just now: ""Estoy cansado"" (I am tired right now).",spanish_course_student_30,spanish_course
5,Got it! One last clarification: Is there ever a case where both verbs could be used interchangeably?,"No, not really. ""Ser"" and ""estar"" generally arenâ€™t interchangeable. They indicate different types of states or conditions.",spanish_course_student_30,spanish_course
6,Thanks! That makes sense. Can you give me a quick example where using the wrong verb would be confusing?,"Sure! Saying ""Estoy enfermo"" is correct for being sick right now. But if you said ""Ser enfermo,"" it would mean having a sickness condition, which is not natural in Spanish.",spanish_course_student_30,spanish_course
7,"Got it! Thanks for the examples. One last question: Can you give me a quick rule of thumb for remembering when to use ""estar"" or ""ser""?","Sure! Use ""estar"" for temporary states or locations. Use ""ser"" for permanent states, identities, or conditions.",spanish_course_student_30,spanish_course
8,Perfect! Thanks for the clear rule. That should help me remember.,"You're welcome! Glad it helped. Remember: ""estar"" for temporary, ""ser"" for permanent. Happy studying!",spanish_course_student_30,spanish_course
